text,label
Quadro compatível com AVC em janela terapêutica. Urgente. Caso #135.,urgente
Imagem sem evidência de lesão aguda. Controle de rotina. Caso #277.,normal
Achados inespecíficos; recomenda-se reavaliar e acompanhar evolução. Caso #158.,atencao
Achados compatíveis com a faixa etária. Nenhuma anormalidade detectada. Caso #76.,normal
Suspeita de processo inflamatório. Indica-se acompanhamento. Caso #104.,atencao
Exame dentro dos limites da normalidade. Sem alterações significativas. Caso #13.,normal
Laudo sem alterações relevantes. Paciente estável e assintomático. Caso #133.,normal
Achados inespecíficos; recomenda-se reavaliar e acompanhar evolução. Caso #47.,atencao
Resultados laboratoriais dentro da referência. Evolução favorável. Caso #241.,normal
Quadro compatível com AVC em janela terapêutica. Urgente. Caso #132.,urgente
Achados inespecíficos; recomenda-se reavaliar e acompanhar evolução. Caso #2.,atencao
Resultados laboratoriais dentro da referência. Evolução favorável. Caso #220.,normal
Alteração leve detectada. Manter observação clínica e retorno em breve. Caso #242.,atencao
Alteração leve detectada. Manter observação clínica e retorno em breve. Caso #74.,atencao
Suspeita de processo inflamatório. Indica-se acompanhamento. Caso #266.,atencao
Trauma grave com risco de parada. Acionar protocolo de emergência. Caso #147.,urgente
Insuficiência respiratória aguda. Internação imediata recomendada. Caso #63.,urgente
Paciente com dor torácica intensa e suspeita de infarto. Encaminhar à emergência. Caso #222.,urgente
Alteração leve detectada. Manter observação clínica e retorno em breve. Caso #254.,atencao
Quadro de febre baixa e dor moderada. Reavaliar em 48 horas. Caso #224.,atencao
Suspeita de processo inflamatório. Indica-se acompanhamento. Caso #35.,atencao
Resultado indefinido. Necessário correlacionar com clínica do paciente. Caso #128.,atencao
Quadro de febre baixa e dor moderada. Reavaliar em 48 horas. Caso #296.,atencao
Quadro de febre baixa e dor moderada. Reavaliar em 48 horas. Caso #173.,atencao
Sinais de hemorragia ativa e choque. Prioridade máxima de atendimento. Caso #180.,urgente
Trauma grave com risco de parada. Acionar protocolo de emergência. Caso #120.,urgente
Trauma grave com risco de parada. Acionar protocolo de emergência. Caso #102.,urgente
Achados inespecíficos; recomenda-se reavaliar e acompanhar evolução. Caso #44.,atencao
Achados compatíveis com a faixa etária. Nenhuma anormalidade detectada. Caso #151.,normal
Achados inespecíficos; recomenda-se reavaliar e acompanhar evolução. Caso #62.,atencao
Laudo sem alterações relevantes. Paciente estável e assintomático. Caso #127.,normal
Suspeita de processo inflamatório. Indica-se acompanhamento. Caso #83.,atencao
Quadro compatível com AVC em janela terapêutica. Urgente. Caso #93.,urgente
Exame dentro dos limites da normalidade. Sem alterações significativas. Caso #115.,normal
Imagem sem evidência de lesão aguda. Controle de rotina. Caso #124.,normal
Alteração leve detectada. Manter observação clínica e retorno em breve. Caso #209.,atencao
Alteração leve detectada. Manter observação clínica e retorno em breve. Caso #212.,atencao
Trauma grave com risco de parada. Acionar protocolo de emergência. Caso #300.,urgente
Trauma grave com risco de parada. Acionar protocolo de emergência. Caso #153.,urgente
Achados compatíveis com a faixa etária. Nenhuma anormalidade detectada. Caso #70.,normal
Imagem sem evidência de lesão aguda. Controle de rotina. Caso #178.,normal
Paciente com dor torácica intensa e suspeita de infarto. Encaminhar à emergência. Caso #9.,urgente
Insuficiência respiratória aguda. Internação imediata recomendada. Caso #48.,urgente
Quadro compatível com AVC em janela terapêutica. Urgente. Caso #156.,urgente
Achados compatíveis com a faixa etária. Nenhuma anormalidade detectada. Caso #16.,normal
Sinais de hemorragia ativa e choque. Prioridade máxima de atendimento. Caso #273.,urgente
Achados compatíveis com a faixa etária. Nenhuma anormalidade detectada. Caso #100.,normal
Resultado indefinido. Necessário correlacionar com clínica do paciente. Caso #143.,atencao
Alteração leve detectada. Manter observação clínica e retorno em breve. Caso #245.,atencao
Trauma grave com risco de parada. Acionar protocolo de emergência. Caso #285.,urgente
Resultado indefinido. Necessário correlacionar com clínica do paciente. Caso #248.,atencao
Sinais de hemorragia ativa e choque. Prioridade máxima de atendimento. Caso #15.,urgente
Imagem sem evidência de lesão aguda. Controle de rotina. Caso #289.,normal
Achados compatíveis com a faixa etária. Nenhuma anormalidade detectada. Caso #262.,normal
Insuficiência respiratória aguda. Internação imediata recomendada. Caso #168.,urgente
Resultados laboratoriais dentro da referência. Evolução favorável. Caso #265.,normal
Alteração leve detectada. Manter observação clínica e retorno em breve. Caso #101.,atencao
Quadro de febre baixa e dor moderada. Reavaliar em 48 horas. Caso #227.,atencao
Exame dentro dos limites da normalidade. Sem alterações significativas. Caso #169.,normal
Trauma grave com risco de parada. Acionar protocolo de emergência. Caso #195.,urgente
Insuficiência respiratória aguda. Internação imediata recomendada. Caso #45.,urgente
Resultados laboratoriais dentro da referência. Evolução favorável. Caso #97.,normal
Sinais de hemorragia ativa e choque. Prioridade máxima de atendimento. Caso #255.,urgente
Quadro de febre baixa e dor moderada. Reavaliar em 48 horas. Caso #239.,atencao
Resultado indefinido. Necessário correlacionar com clínica do paciente. Caso #107.,atencao
Alteração leve detectada. Manter observação clínica e retorno em breve. Caso #182.,atencao
Achados inespecíficos; recomenda-se reavaliar e acompanhar evolução. Caso #167.,atencao
Sinais de hemorragia ativa e choque. Prioridade máxima de atendimento. Caso #117.,urgente
Achados inespecíficos; recomenda-se reavaliar e acompanhar evolução. Caso #116.,atencao
Resultado indefinido. Necessário correlacionar com clínica do paciente. Caso #170.,atencao
Imagem sem evidência de lesão aguda. Controle de rotina. Caso #238.,normal
Paciente com dor torácica intensa e suspeita de infarto. Encaminhar à emergência. Caso #252.,urgente
Paciente com dor torácica intensa e suspeita de infarto. Encaminhar à emergência. Caso #129.,urgente
Sinais de hemorragia ativa e choque. Prioridade máxima de atendimento. Caso #6.,urgente
Achados compatíveis com a faixa etária. Nenhuma anormalidade detectada. Caso #4.,normal
Exame dentro dos limites da normalidade. Sem alterações significativas. Caso #19.,normal
Resultado indefinido. Necessário correlacionar com clínica do paciente. Caso #26.,atencao
Alteração leve detectada. Manter observação clínica e retorno em breve. Caso #221.,atencao
Resultados laboratoriais dentro da referência. Evolução favorável. Caso #247.,normal
Laudo sem alterações relevantes. Paciente estável e assintomático. Caso #31.,normal
Exame dentro dos limites da normalidade. Sem alterações significativas. Caso #139.,normal
Laudo sem alterações relevantes. Paciente estável e assintomático. Caso #43.,normal
Achados compatíveis com a faixa etária. Nenhuma anormalidade detectada. Caso #259.,normal
Achados compatíveis com a faixa etária. Nenhuma anormalidade detectada. Caso #82.,normal
Alteração leve detectada. Manter observação clínica e retorno em breve. Caso #197.,atencao
Achados inespecíficos; recomenda-se reavaliar e acompanhar evolução. Caso #194.,atencao
Exame dentro dos limites da normalidade. Sem alterações significativas. Caso #205.,normal
Imagem sem evidência de lesão aguda. Controle de rotina. Caso #196.,normal
Imagem sem evidência de lesão aguda. Controle de rotina. Caso #22.,normal
Alteração leve detectada. Manter observação clínica e retorno em breve. Caso #191.,atencao
Quadro compatível com AVC em janela terapêutica. Urgente. Caso #243.,urgente
Resultado indefinido. Necessário correlacionar com clínica do paciente. Caso #152.,atencao
Quadro de febre baixa e dor moderada. Reavaliar em 48 horas. Caso #113.,atencao
Imagem sem evidência de lesão aguda. Controle de rotina. Caso #298.,normal
Paciente com dor torácica intensa e suspeita de infarto. Encaminhar à emergência. Caso #201.,urgente
Paciente com dor torácica intensa e suspeita de infarto. Encaminhar à emergência. Caso #261.,urgente
Sinais de hemorragia ativa e choque. Prioridade máxima de atendimento. Caso #291.,urgente
Paciente com dor torácica intensa e suspeita de infarto. Encaminhar à emergência. Caso #84.,urgente
Insuficiência respiratória aguda. Internação imediata recomendada. Caso #78.,urgente
Trauma grave com risco de parada. Acionar protocolo de emergência. Caso #75.,urgente
Achados inespecíficos; recomenda-se reavaliar e acompanhar evolução. Caso #56.,atencao
Resultados laboratoriais dentro da referência. Evolução favorável. Caso #244.,normal
Exame dentro dos limites da normalidade. Sem alterações significativas. Caso #37.,normal
Resultados laboratoriais dentro da referência. Evolução favorável. Caso #256.,normal
Alteração leve detectada. Manter observação clínica e retorno em breve. Caso #137.,atencao
Quadro de febre baixa e dor moderada. Reavaliar em 48 horas. Caso #119.,atencao
Quadro de febre baixa e dor moderada. Reavaliar em 48 horas. Caso #122.,atencao
Alteração leve detectada. Manter observação clínica e retorno em breve. Caso #218.,atencao
Imagem sem evidência de lesão aguda. Controle de rotina. Caso #73.,normal
Achados compatíveis com a faixa etária. Nenhuma anormalidade detectada. Caso #199.,normal
Quadro de febre baixa e dor moderada. Reavaliar em 48 horas. Caso #23.,atencao
Insuficiência respiratória aguda. Internação imediata recomendada. Caso #96.,urgente
Quadro compatível com AVC em janela terapêutica. Urgente. Caso #87.,urgente
Trauma grave com risco de parada. Acionar protocolo de emergência. Caso #141.,urgente
Quadro de febre baixa e dor moderada. Reavaliar em 48 horas. Caso #125.,atencao
Exame dentro dos limites da normalidade. Sem alterações significativas. Caso #202.,normal
Resultados laboratoriais dentro da referência. Evolução favorável. Caso #25.,normal
Resultado indefinido. Necessário correlacionar com clínica do paciente. Caso #17.,atencao
Sinais de hemorragia ativa e choque. Prioridade máxima de atendimento. Caso #237.,urgente
Resultados laboratoriais dentro da referência. Evolução favorável. Caso #211.,normal
Exame dentro dos limites da normalidade. Sem alterações significativas. Caso #292.,normal
Trauma grave com risco de parada. Acionar protocolo de emergência. Caso #174.,urgente
Insuficiência respiratória aguda. Internação imediata recomendada. Caso #228.,urgente
Exame dentro dos limites da normalidade. Sem alterações significativas. Caso #253.,normal
Suspeita de processo inflamatório. Indica-se acompanhamento. Caso #185.,atencao
Laudo sem alterações relevantes. Paciente estável e assintomático. Caso #193.,normal
Paciente com dor torácica intensa e suspeita de infarto. Encaminhar à emergência. Caso #246.,urgente
Alteração leve detectada. Manter observação clínica e retorno em breve. Caso #77.,atencao
Suspeita de processo inflamatório. Indica-se acompanhamento. Caso #32.,atencao
Trauma grave com risco de parada. Acionar protocolo de emergência. Caso #270.,urgente
Resultados laboratoriais dentro da referência. Evolução favorável. Caso #157.,normal
Sinais de hemorragia ativa e choque. Prioridade máxima de atendimento. Caso #240.,urgente
Quadro compatível com AVC em janela terapêutica. Urgente. Caso #210.,urgente
Suspeita de processo inflamatório. Indica-se acompanhamento. Caso #206.,atencao
Quadro compatível com AVC em janela terapêutica. Urgente. Caso #51.,urgente
Paciente com dor torácica intensa e suspeita de infarto. Encaminhar à emergência. Caso #294.,urgente
Paciente com dor torácica intensa e suspeita de infarto. Encaminhar à emergência. Caso #282.,urgente
Quadro de febre baixa e dor moderada. Reavaliar em 48 horas. Caso #257.,atencao
Alteração leve detectada. Manter observação clínica e retorno em breve. Caso #236.,atencao
Quadro compatível com AVC em janela terapêutica. Urgente. Caso #66.,urgente
Exame dentro dos limites da normalidade. Sem alterações significativas. Caso #49.,normal
Quadro compatível com AVC em janela terapêutica. Urgente. Caso #99.,urgente
Insuficiência respiratória aguda. Internação imediata recomendada. Caso #267.,urgente
Laudo sem alterações relevantes. Paciente estável e assintomático. Caso #160.,normal
Achados compatíveis com a faixa etária. Nenhuma anormalidade detectada. Caso #148.,normal
Quadro de febre baixa e dor moderada. Reavaliar em 48 horas. Caso #269.,atencao
Suspeita de processo inflamatório. Indica-se acompanhamento. Caso #89.,atencao
Imagem sem evidência de lesão aguda. Controle de rotina. Caso #112.,normal
Laudo sem alterações relevantes. Paciente estável e assintomático. Caso #274.,normal
Exame dentro dos limites da normalidade. Sem alterações significativas. Caso #250.,normal
Achados inespecíficos; recomenda-se reavaliar e acompanhar evolução. Caso #230.,atencao
Alteração leve detectada. Manter observação clínica e retorno em breve. Caso #149.,atencao
Insuficiência respiratória aguda. Internação imediata recomendada. Caso #186.,urgente
Achados compatíveis com a faixa etária. Nenhuma anormalidade detectada. Caso #67.,normal
Insuficiência respiratória aguda. Internação imediata recomendada. Caso #30.,urgente
Resultado indefinido. Necessário correlacionar com clínica do paciente. Caso #8.,atencao
Trauma grave com risco de parada. Acionar protocolo de emergência. Caso #165.,urgente
Insuficiência respiratória aguda. Internação imediata recomendada. Caso #138.,urgente
Exame dentro dos limites da normalidade. Sem alterações significativas. Caso #166.,normal
Resultado indefinido. Necessário correlacionar com clínica do paciente. Caso #131.,atencao
Quadro compatível com AVC em janela terapêutica. Urgente. Caso #183.,urgente
Paciente com dor torácica intensa e suspeita de infarto. Encaminhar à emergência. Caso #231.,urgente
Trauma grave com risco de parada. Acionar protocolo de emergência. Caso #18.,urgente
Paciente com dor torácica intensa e suspeita de infarto. Encaminhar à emergência. Caso #72.,urgente
Achados compatíveis com a faixa etária. Nenhuma anormalidade detectada. Caso #85.,normal
Imagem sem evidência de lesão aguda. Controle de rotina. Caso #103.,normal
Resultado indefinido. Necessário correlacionar com clínica do paciente. Caso #50.,atencao
Imagem sem evidência de lesão aguda. Controle de rotina. Caso #187.,normal
Achados compatíveis com a faixa etária. Nenhuma anormalidade detectada. Caso #58.,normal
Suspeita de processo inflamatório. Indica-se acompanhamento. Caso #59.,atencao
Paciente com dor torácica intensa e suspeita de infarto. Encaminhar à emergência. Caso #207.,urgente
Paciente com dor torácica intensa e suspeita de infarto. Encaminhar à emergência. Caso #90.,urgente
Achados compatíveis com a faixa etária. Nenhuma anormalidade detectada. Caso #118.,normal
Achados inespecíficos; recomenda-se reavaliar e acompanhar evolução. Caso #281.,atencao
Paciente com dor torácica intensa e suspeita de infarto. Encaminhar à emergência. Caso #57.,urgente
Exame dentro dos limites da normalidade. Sem alterações significativas. Caso #121.,normal
Trauma grave com risco de parada. Acionar protocolo de emergência. Caso #216.,urgente
Alteração leve detectada. Manter observação clínica e retorno em breve. Caso #98.,atencao
Exame dentro dos limites da normalidade. Sem alterações significativas. Caso #28.,normal
Suspeita de processo inflamatório. Indica-se acompanhamento. Caso #41.,atencao
Quadro de febre baixa e dor moderada. Reavaliar em 48 horas. Caso #263.,atencao
Achados inespecíficos; recomenda-se reavaliar e acompanhar evolução. Caso #200.,atencao
Achados compatíveis com a faixa etária. Nenhuma anormalidade detectada. Caso #172.,normal
Quadro de febre baixa e dor moderada. Reavaliar em 48 horas. Caso #188.,atencao
Paciente com dor torácica intensa e suspeita de infarto. Encaminhar à emergência. Caso #234.,urgente
Paciente com dor torácica intensa e suspeita de infarto. Encaminhar à emergência. Caso #189.,urgente
Exame dentro dos limites da normalidade. Sem alterações significativas. Caso #7.,normal
Resultados laboratoriais dentro da referência. Evolução favorável. Caso #106.,normal
Imagem sem evidência de lesão aguda. Controle de rotina. Caso #46.,normal
Exame dentro dos limites da normalidade. Sem alterações significativas. Caso #229.,normal
Achados compatíveis com a faixa etária. Nenhuma anormalidade detectada. Caso #61.,normal
Laudo sem alterações relevantes. Paciente estável e assintomático. Caso #40.,normal
Paciente com dor torácica intensa e suspeita de infarto. Encaminhar à emergência. Caso #192.,urgente
Paciente com dor torácica intensa e suspeita de infarto. Encaminhar à emergência. Caso #159.,urgente
Resultado indefinido. Necessário correlacionar com clínica do paciente. Caso #293.,atencao
Exame dentro dos limites da normalidade. Sem alterações significativas. Caso #223.,normal
Achados compatíveis com a faixa etária. Nenhuma anormalidade detectada. Caso #91.,normal
Quadro compatível com AVC em janela terapêutica. Urgente. Caso #27.,urgente
Sinais de hemorragia ativa e choque. Prioridade máxima de atendimento. Caso #171.,urgente
Laudo sem alterações relevantes. Paciente estável e assintomático. Caso #64.,normal
Achados compatíveis com a faixa etária. Nenhuma anormalidade detectada. Caso #175.,normal
Paciente com dor torácica intensa e suspeita de infarto. Encaminhar à emergência. Caso #264.,urgente
Resultado indefinido. Necessário correlacionar com clínica do paciente. Caso #92.,atencao
Imagem sem evidência de lesão aguda. Controle de rotina. Caso #208.,normal
Paciente com dor torácica intensa e suspeita de infarto. Encaminhar à emergência. Caso #204.,urgente
Achados compatíveis com a faixa etária. Nenhuma anormalidade detectada. Caso #94.,normal
Resultados laboratoriais dentro da referência. Evolução favorável. Caso #79.,normal
Quadro de febre baixa e dor moderada. Reavaliar em 48 horas. Caso #11.,atencao
Sinais de hemorragia ativa e choque. Prioridade máxima de atendimento. Caso #33.,urgente
Sinais de hemorragia ativa e choque. Prioridade máxima de atendimento. Caso #111.,urgente
Laudo sem alterações relevantes. Paciente estável e assintomático. Caso #280.,normal
Resultados laboratoriais dentro da referência. Evolução favorável. Caso #226.,normal
Quadro compatível com AVC em janela terapêutica. Urgente. Caso #150.,urgente
Quadro de febre baixa e dor moderada. Reavaliar em 48 horas. Caso #95.,atencao
Achados compatíveis com a faixa etária. Nenhuma anormalidade detectada. Caso #214.,normal
Imagem sem evidência de lesão aguda. Controle de rotina. Caso #10.,normal
Insuficiência respiratória aguda. Internação imediata recomendada. Caso #258.,urgente
Paciente com dor torácica intensa e suspeita de infarto. Encaminhar à emergência. Caso #39.,urgente
Trauma grave com risco de parada. Acionar protocolo de emergência. Caso #177.,urgente
Resultado indefinido. Necessário correlacionar com clínica do paciente. Caso #20.,atencao
Alteração leve detectada. Manter observação clínica e retorno em breve. Caso #29.,atencao
Quadro compatível com AVC em janela terapêutica. Urgente. Caso #3.,urgente
Paciente com dor torácica intensa e suspeita de infarto. Encaminhar à emergência. Caso #144.,urgente
Resultado indefinido. Necessário correlacionar com clínica do paciente. Caso #278.,atencao
Imagem sem evidência de lesão aguda. Controle de rotina. Caso #181.,normal
Achados compatíveis com a faixa etária. Nenhuma anormalidade detectada. Caso #142.,normal
Paciente com dor torácica intensa e suspeita de infarto. Encaminhar à emergência. Caso #114.,urgente
Resultados laboratoriais dentro da referência. Evolução favorável. Caso #271.,normal
Alteração leve detectada. Manter observação clínica e retorno em breve. Caso #299.,atencao
Paciente com dor torácica intensa e suspeita de infarto. Encaminhar à emergência. Caso #249.,urgente
Alteração leve detectada. Manter observação clínica e retorno em breve. Caso #164.,atencao
Achados compatíveis com a faixa etária. Nenhuma anormalidade detectada. Caso #34.,normal
Trauma grave com risco de parada. Acionar protocolo de emergência. Caso #198.,urgente
Achados inespecíficos; recomenda-se reavaliar e acompanhar evolução. Caso #86.,atencao
Exame dentro dos limites da normalidade. Sem alterações significativas. Caso #1.,normal
Paciente com dor torácica intensa e suspeita de infarto. Encaminhar à emergência. Caso #12.,urgente
Suspeita de processo inflamatório. Indica-se acompanhamento. Caso #71.,atencao
Trauma grave com risco de parada. Acionar protocolo de emergência. Caso #213.,urgente
Laudo sem alterações relevantes. Paciente estável e assintomático. Caso #109.,normal
Resultado indefinido. Necessário correlacionar com clínica do paciente. Caso #251.,atencao
Sinais de hemorragia ativa e choque. Prioridade máxima de atendimento. Caso #24.,urgente
Achados inespecíficos; recomenda-se reavaliar e acompanhar evolução. Caso #14.,atencao
Resultados laboratoriais dentro da referência. Evolução favorável. Caso #217.,normal
Suspeita de processo inflamatório. Indica-se acompanhamento. Caso #233.,atencao
Resultados laboratoriais dentro da referência. Evolução favorável. Caso #232.,normal
Quadro de febre baixa e dor moderada. Reavaliar em 48 horas. Caso #65.,atencao
Alteração leve detectada. Manter observação clínica e retorno em breve. Caso #272.,atencao
Exame dentro dos limites da normalidade. Sem alterações significativas. Caso #130.,normal
Alteração leve detectada. Manter observação clínica e retorno em breve. Caso #275.,atencao
Insuficiência respiratória aguda. Internação imediata recomendada. Caso #219.,urgente
Exame dentro dos limites da normalidade. Sem alterações significativas. Caso #163.,normal
Suspeita de processo inflamatório. Indica-se acompanhamento. Caso #176.,atencao
Suspeita de processo inflamatório. Indica-se acompanhamento. Caso #53.,atencao
Resultados laboratoriais dentro da referência. Evolução favorável. Caso #88.,normal
Resultados laboratoriais dentro da referência. Evolução favorável. Caso #184.,normal
Insuficiência respiratória aguda. Internação imediata recomendada. Caso #108.,urgente
Laudo sem alterações relevantes. Paciente estável e assintomático. Caso #145.,normal
Suspeita de processo inflamatório. Indica-se acompanhamento. Caso #140.,atencao
Suspeita de processo inflamatório. Indica-se acompanhamento. Caso #80.,atencao
Achados compatíveis com a faixa etária. Nenhuma anormalidade detectada. Caso #55.,normal
Paciente com dor torácica intensa e suspeita de infarto. Encaminhar à emergência. Caso #60.,urgente
Paciente com dor torácica intensa e suspeita de infarto. Encaminhar à emergência. Caso #279.,urgente
Quadro compatível com AVC em janela terapêutica. Urgente. Caso #69.,urgente
Trauma grave com risco de parada. Acionar protocolo de emergência. Caso #54.,urgente
Alteração leve detectada. Manter observação clínica e retorno em breve. Caso #287.,atencao
Imagem sem evidência de lesão aguda. Controle de rotina. Caso #283.,normal
Resultado indefinido. Necessário correlacionar com clínica do paciente. Caso #155.,atencao
Quadro compatível com AVC em janela terapêutica. Urgente. Caso #225.,urgente
Trauma grave com risco de parada. Acionar protocolo de emergência. Caso #81.,urgente
Resultado indefinido. Necessário correlacionar com clínica do paciente. Caso #146.,atencao
Achados compatíveis com a faixa etária. Nenhuma anormalidade detectada. Caso #190.,normal
Trauma grave com risco de parada. Acionar protocolo de emergência. Caso #126.,urgente
Paciente com dor torácica intensa e suspeita de infarto. Encaminhar à emergência. Caso #36.,urgente
Quadro de febre baixa e dor moderada. Reavaliar em 48 horas. Caso #179.,atencao
Paciente com dor torácica intensa e suspeita de infarto. Encaminhar à emergência. Caso #288.,urgente
Paciente com dor torácica intensa e suspeita de infarto. Encaminhar à emergência. Caso #297.,urgente
Quadro de febre baixa e dor moderada. Reavaliar em 48 horas. Caso #260.,atencao
Alteração leve detectada. Manter observação clínica e retorno em breve. Caso #110.,atencao
Paciente com dor torácica intensa e suspeita de infarto. Encaminhar à emergência. Caso #276.,urgente
Quadro de febre baixa e dor moderada. Reavaliar em 48 horas. Caso #284.,atencao
Imagem sem evidência de lesão aguda. Controle de rotina. Caso #52.,normal
Imagem sem evidência de lesão aguda. Controle de rotina. Caso #286.,normal
Alteração leve detectada. Manter observação clínica e retorno em breve. Caso #5.,atencao
Quadro de febre baixa e dor moderada. Reavaliar em 48 horas. Caso #38.,atencao
Achados compatíveis com a faixa etária. Nenhuma anormalidade detectada. Caso #295.,normal
Achados compatíveis com a faixa etária. Nenhuma anormalidade detectada. Caso #235.,normal
Exame dentro dos limites da normalidade. Sem alterações significativas. Caso #154.,normal
Suspeita de processo inflamatório. Indica-se acompanhamento. Caso #68.,atencao
Alteração leve detectada. Manter observação clínica e retorno em breve. Caso #203.,atencao
Resultados laboratoriais dentro da referência. Evolução favorável. Caso #136.,normal
Insuficiência respiratória aguda. Internação imediata recomendada. Caso #123.,urgente
Suspeita de processo inflamatório. Indica-se acompanhamento. Caso #161.,atencao
Trauma grave com risco de parada. Acionar protocolo de emergência. Caso #105.,urgente
Achados inespecíficos; recomenda-se reavaliar e acompanhar evolução. Caso #134.,atencao
Sinais de hemorragia ativa e choque. Prioridade máxima de atendimento. Caso #162.,urgente
Laudo sem alterações relevantes. Paciente estável e assintomático. Caso #268.,normal
Achados inespecíficos; recomenda-se reavaliar e acompanhar evolução. Caso #290.,atencao
Resultado indefinido. Necessário correlacionar com clínica do paciente. Caso #215.,atencao
Trauma grave com risco de parada. Acionar protocolo de emergência. Caso #42.,urgente
Sinais de hemorragia ativa e choque. Prioridade máxima de atendimento. Caso #21.,urgente
